GENE_NAME	WBGeneID	CONSEQUENCE	NUCLEOTIDE_CHANGE	VARIANT_LOG10p
K09E4.3	WBGene00010721	intron	NA	22.55853215168371
K09E4.3	WBGene00010721	intron	NA	22.55853215168371
K09E4.3	WBGene00010721	intron	NA	19.946835052249728
K09E4.3	WBGene00010721	intron	NA	19.946835052249728
K09E4.3	WBGene00010721	intron	NA	19.946835052249728
K09E4.3	WBGene00010721	intron	NA	19.946835052249728
NA	NA	NA	NA	18.087284662419904
NA	NA	NA	NA	18.087284662419904
K09E4.4	WBGene00010722	intron	NA	18.087284662419904
K09E4.4	WBGene00010722	intron	NA	18.087284662419904
K09E4.4	WBGene00010722	intron	NA	18.087284662419904
K09E4.4	WBGene00010722	intron	NA	18.087284662419904
K09E4.4	WBGene00010722	5_prime_utr	NA	18.087284662419904
K09E4.4	WBGene00010722	5_prime_utr	NA	18.087284662419904
cacn-1	WBGene00012230	intron	NA	14.273332683907965
cacn-1	WBGene00012230	intron	NA	14.273332683907965
NA	NA	NA	NA	14.273332683907965
NA	NA	NA	NA	14.273332683907965
K09E4.3	WBGene00010721	intron	NA	12.671717786798958
K09E4.3	WBGene00010721	intron	NA	12.671717786798958
btb-19	WBGene00010194	missense	14521928G>A	11.003454758690516
btb-19	WBGene00010194	missense	14521928G>A	11.003454758690516
pot-2	WBGene00010195	missense	14524396T>A	11.003454758690516
pot-2	WBGene00010195	missense	14524396T>A	11.003454758690516
C04H5.1	WBGene00007312	3_prime_utr	NA	11.003454758690516
C04H5.1	WBGene00007312	3_prime_utr	NA	11.003454758690516
gcy-29	WBGene00007314	intron	NA	11.003454758690516
gcy-29	WBGene00007314	intron	NA	11.003454758690516
mog-4	WBGene00003392	synonymous	14560003G>T	11.003454758690516
mog-4	WBGene00003392	synonymous	14560003G>T	11.003454758690516
NA	NA	NA	NA	11.003454758690516
NA	NA	NA	NA	11.003454758690516
NA	NA	NA	NA	10.975748117894652
NA	NA	NA	NA	10.975748117894652
rbm-28	WBGene00011043	intron	NA	10.432215809730346
rbm-28	WBGene00011043	intron	NA	10.432215809730346
